Interval,Time,gr,Glucose_rate,Glucose_conc,Gln_rate,Gln_conc,Lac_rate,Lac_conc,NH4_rate,NH4_conc,ATP_estimated,OUR_estimated
0hr~30hr,15.0,0.03806991325292213,-1.450013314441979,14.883333335,-0.526583782058841,4.3149999999999995,2.320021300817673,3.3333333334999997,0.38310878072297844,1.4916666665,17.602398497547455,4.8995186765519
30hr~42hr,36.0,0.028229106885484776,-1.0891738079604267,12.433333335,-0.25553693256851223,3.5366666665000004,2.1155106691109737,7.549999999999999,0.25763149737839214,2.1149999999999998,6.252276528365572,1.7217324358407127
42hr~48hr,45.0,0.06635155591503906,-1.0665246948202582,10.95,-0.2824849170651636,3.17,1.8159744679593028,10.2833333315,0.19024494453418173,2.4299999999999997,10.103159756492053,2.646134267434623
48hr~54hr,51.0,0.04417067433411954,-0.7739612181168981,9.716666665,-0.1819854761031232,2.861666667,1.4224152176104505,12.466666665,0.15270045675091304,2.6616666665,5.579841948249676,1.4684345124887763
54hr~66hr,60.0,0.02315570441269693,-0.549632902574079,7.949999999999999,-0.1680761486276193,2.365,0.8682606713856716,15.416666665000001,0.12984081627463984,3.0549999999999997,6.434289535668209,1.701472293053175
66hr~72hr,69.0,0.01842077860234694,-0.27774722558296366,6.449999999999999,-0.12167973665753906,1.8599999999999999,0.4100078118391098,17.75,0.10184064911589887,3.455,4.113304109960611,1.166538337925687
72hr~78hr,75.0,0.04398189517876228,-0.20690638712627554,5.7833333335,-0.10889809876262452,1.54,0.2722452452730905,18.683333335,0.07840663095227632,3.703333333,3.756984414497806,1.0780911795141288
78hr~99hr,88.5,0.001053985758267795,-0.07616293574909194,5.0,-0.05549013886327401,1.0333333329999999,0.05712220177101731,19.450000000000003,0.05331405504068498,4.15,2.1788039834694413,0.6185518423611438
