Time,Cells_avg,Cells_std,Biomass_avg(g/L),Biomass_std(g/L)
0,100000,0,0.0264,0
30,133666.6667,9018.499506,0.035288,0.002380884
42,248333.3333,12583.05739,0.06556,0.003321927
48,336666.6667,25658.0072,0.08888,0.006773714
54,385000,77620.87348,0.10164,0.020491911
66,541666.6667,23094.01077,0.143,0.006096819
72,751666.6667,50083.264,0.19844,0.013221982
78,891666.6667,28431.20352,0.2354,0.007505838
99,1116666.667,160727.5127,0.2948,0.042432063
