Time,pH_avg,pH_std
0,8.316666667,0.005773503
30,7.856666667,0.005773503
42,7.826666667,0.025166115
48,7.766666667,0.015275252
54,7.646666667,0.005773503
66,7.49,0.036055513
72,7.35,0
78,7.276666667,0.089628864
99,7.343333333,0.051316014
