Base,Ratio
A,0.28195370496145944
C,0.21776481227694083
G,0.21794530135536083
T,0.2823361814062389
