Base,Base_id,Ratio
A,atp,0.259790086
C,ctp,0.243846161
G,gtp,0.247583854
U,utp,0.248779899
