Base,Ratio
A,0.25979008624682887
C,0.24384616131724374
G,0.24758385353115714
T,0.24877989890477026
