AA,AA_id,Ratio
A,ala__L,0.076298626
C,cys__L,0.014975932
D,asp__L,0.058723734
E,glu__L,0.075965191
F,phe__L,0.038120151
G,gly,0.074252953
H,his__L,0.020344996
I,ile__L,0.050067543
K,lys__L,0.078755306
L,leu__L,0.08672177
M,met__L,0.026121088
N,asn__L,0.037730672
P,pro__L,0.047186079
Q,gln__L,0.038665873
R,arg__L,0.053678559
S,ser__L,0.063750866
T,thr__L,0.051253222
V,val__L,0.067791968
W,trp__L,0.010046112
Y,tyr__L,0.029549359
