AA,Ratio
A,0.07629862589827517
C,0.01497593229158232
D,0.058723733957105596
E,0.07596519133499818
F,0.03812015083814156
G,0.07425295280681812
H,0.020344995637093355
I,0.050067542649641236
K,0.07875530627303594
L,0.08672177035714458
M,0.026121088483227417
N,0.03773067244716474
P,0.047186078605009146
Q,0.03866587337698569
R,0.053678559161748705
S,0.06375086581537238
T,0.05125322186631182
V,0.06779196757287893
W,0.01004611193390913
Y,0.029549358693555967
