Base,Base_id,Ratio
A,datp,0.281953705
C,dctp,0.217764812
G,dgtp,0.217945301
T,dttp,0.282336181
